# function	source	ref	path	status
kernel-base	https://git.kernel.org/pub/scm/linux/kernel/git/stable/linux.git	v5.15.149	.	working donor; close to physical MIRO 5.15.149 kernel, not claimed identical
uart	https://git.kernel.org/pub/scm/linux/kernel/git/stable/linux.git	v5.15.149	drivers/tty/serial/sprd_serial.c	upstream donor
i2c	https://git.kernel.org/pub/scm/linux/kernel/git/stable/linux.git	v5.15.149	drivers/i2c/busses/i2c-sprd.c	upstream donor
spi	https://git.kernel.org/pub/scm/linux/kernel/git/stable/linux.git	v5.15.149	drivers/spi/spi-sprd.c	upstream donor
dma	https://git.kernel.org/pub/scm/linux/kernel/git/stable/linux.git	v5.15.149	drivers/dma/sprd-dma.c	upstream donor
gpio	https://git.kernel.org/pub/scm/linux/kernel/git/stable/linux.git	v5.15.149	drivers/gpio/gpio-sprd.c	upstream donor
gpio-eic	https://git.kernel.org/pub/scm/linux/kernel/git/stable/linux.git	v5.15.149	drivers/gpio/gpio-eic-sprd.c	upstream donor
clocks	https://git.kernel.org/pub/scm/linux/kernel/git/stable/linux.git	v5.15.149	drivers/clk/sprd/sc9863a-clk.c	SC9863A-specific upstream donor
emmc-sd-sdio	https://git.kernel.org/pub/scm/linux/kernel/git/stable/linux.git	v5.15.149	drivers/mmc/host/sdhci-sprd.c	upstream donor
soc-device-tree	https://git.kernel.org/pub/scm/linux/kernel/git/stable/linux.git	v5.15.149	arch/arm64/boot/dts/sprd/sc9863a.dtsi	SC9863A-specific upstream donor
platform-device-tree	https://git.kernel.org/pub/scm/linux/kernel/git/stable/linux.git	v5.15.149	arch/arm64/boot/dts/sprd/sharkl3.dtsi	SharkL3 upstream donor
reference-board-device-tree	https://git.kernel.org/pub/scm/linux/kernel/git/stable/linux.git	v5.15.149	arch/arm64/boot/dts/sprd/sp9863a-1h10.dts	1H10 reference only; not a MIRO board claim
android-common-comparison	https://android.googlesource.com/kernel/common	android13-5.15	.	compare Android common changes against clean 5.15 donor
miro-vendor-kernel	unknown	unknown	unknown	required when located; physical device reports 5.15.149-android13-8-g8407b75767d0-dirty
miro-pinctrl	unknown	unknown	unknown	do not substitute SC9860 implementation
miro-usb-controller-phy	unknown	unknown	unknown	obtain from MIRO device tree/vendor source
vendor-derived-kernel-sharkl3	https://github.com/strongtz/linux-sprd.git	public snapshot	arch/arm/configs/sprd_sharkl3_defconfig; sprd-diffconfig/	public UNISOC/Spreadtrum-derived kernel source; useful for SharkL3/vendor deltas
vendor-derived-kernel-motorola	https://github.com/MotorolaMobilityLLC/kernel-sprd.git	public snapshot	arch/arm/boot/dts/sp9863a-1h10_go_32b-overlay.dts	contains exact s9863a1h10_go_32b board-family overlay
vendor-derived-kernel-retroid	https://github.com/turtleletortue/android_kernel_retroid_pocket2plus.git	public snapshot	sprd-board-config/sharkl3/sp9863a_1h10/	contains SC9863A 1H10 board config selecting sprd_sharkl3_defconfig and sp9863a-1h10 DTB
exact-board-device-config	https://github.com/jingpad-bsp/device_sprd_sharkl3.git	public snapshot	s9863a1h10_go_32b/	exact target string reported by MIRO; reference configuration, not MIRO proof
exact-board-bsp-fragments	https://github.com/coldraintea/SPRD-stuff.git	public snapshot	sharkl3/s9863a1h10_go_32b/	exact target product fragments and properties
full-bsp-reference	https://github.com/deadman96385/jingpad_android_bsp.git	public snapshot	device/sharkl3/androidq/s9863a1h10_go_32b/	large topology/reference corpus; do not assume exact MIRO board contents
stage0-arm32-kernel	https://github.com/MotorolaMobilityLLC/kernel-sprd.git	c4e610cd833c47f08969678fa58f9bfcb57bd3a5	.	first buildable donor; Linux/arm 4.14.199, not long-term kernel choice
stage0-arm32-defconfig	https://github.com/MotorolaMobilityLLC/kernel-sprd.git	c4e610cd833c47f08969678fa58f9bfcb57bd3a5	arch/arm/configs/sprd_sharkl3_defconfig	ARM32 SharkL3 build configuration
stage0-exact-family-dtbo	https://github.com/MotorolaMobilityLLC/kernel-sprd.git	c4e610cd833c47f08969678fa58f9bfcb57bd3a5	arch/arm/boot/dts/sp9863a-1h10_go_32b-overlay.dts	exact public board-family overlay; reference evidence, not complete MIRO proof
stage0-kernel-toolchain	https://android.googlesource.com/platform/prebuilts/gcc/linux-x86/arm/arm-linux-androideabi-4.9	07d3ce5e50440d0652b94a78153c3d6e3f65976a	bin/arm-linux-androideabi-gcc	canonical AOSP GCC 4.9 prebuilt from android10-qpr1-release; donor-era kernel compiler
